cost_bps,gross_sharpe,net_sharpe,gross_ann_return,net_ann_return,gross_ann_vol,net_ann_vol,gross_max_drawdown,net_max_drawdown,hit_rate,avg_turnover,break_even_cost_bps,avg_gross_exposure,avg_net_exposure
0.0,-2.2217797211982724,-2.2217797211982724,-1.4216625213309337,-1.4216625213309337,0.6398755501126767,0.6398755501126767,-0.2674841301121995,-0.2674841301121995,0.3540528825314261,1.3432877780947938,-0.10768675823500322,3.1954884117727707,-4.99935135769207e-17
1.0,-2.2217797211982724,-22.809250956739344,-1.4216625213309337,-14.623494804446569,0.6398755501126767,0.6411212201655327,-0.2674841301121995,-0.8245756075799784,0.3205028175119202,1.3432877780947938,-0.10768675823500322,3.1954884117727707,-4.99935135769207e-17
2.0,-2.2217797211982724,-43.206643903506006,-1.4216625213309337,-27.825327087562204,0.6398755501126767,0.6440057494330015,-0.2674841301121995,-0.9627682228126446,0.2891200693541396,1.3432877780947938,-0.10768675823500322,3.1954884117727707,-4.99935135769207e-17
5.0,-2.2217797211982724,-101.82578776275781,-1.4216625213309337,-67.4308239369091,0.6398755501126767,0.6622175523357114,-0.2674841301121995,-0.9996447625969472,0.2071954919809276,1.3432877780947938,-0.10768675823500322,3.1954884117727707,-4.99935135769207e-17
